img_path;description;label_id;label;split
fake/1.png;Giày Adidas Samba giả - hình 1;0;fake;val
fake/10.PNG;Giày Adidas Samba giả - hình 2;0;fake;train
fake/11.PNG;Giày Adidas Samba giả - hình 3;0;fake;train
fake/12#tongue.PNG;Giày Adidas Samba giả - hình 4;0;fake;train
fake/13#van de mau cua mui giay.PNG;Giày Adidas Samba giả - hình 5;0;fake;train
fake/14 #lông của mũi giày không xù lên (toecap).PNG;Giày Adidas Samba giả - hình 6;0;fake;train
fake/15 #3 sọc không xù như hàng chính phẩm.PNG;Giày Adidas Samba giả - hình 7;0;fake;train
fake/16 #đuôi (heel tab) nó ko xù như chính hãng.PNG;Giày Adidas Samba giả - hình 8;0;fake;train
fake/17#logo không bóng (tongue + logo trefoil thể hiện).PNG;Giày Adidas Samba giả - hình 9;0;fake;val
fake/18.PNG;Giày Adidas Samba giả - hình 10;0;fake;train
fake/19.PNG;Giày Adidas Samba giả - hình 11;0;fake;val
fake/2.PNG;Giày Adidas Samba giả - hình 12;0;fake;train
fake/20 #sai màu ở heel tab.PNG;Giày Adidas Samba giả - hình 13;0;fake;train
fake/21.PNG;Giày Adidas Samba giả - hình 14;0;fake;test
fake/22.PNG;Giày Adidas Samba giả - hình 15;0;fake;train
fake/23.PNG;Giày Adidas Samba giả - hình 16;0;fake;train
fake/24.PNG;Giày Adidas Samba giả - hình 17;0;fake;train
fake/25 #Đế đen đậm, đế thật màu nâu.PNG;Giày Adidas Samba giả - hình 18;0;fake;train
fake/26 #Hàng giả chữ SAMBA ko có độ bóng.PNG;Giày Adidas Samba giả - hình 19;0;fake;train
fake/27 #Hàng giả có đuôi chuôt chỗ toe cap.PNG;Giày Adidas Samba giả - hình 20;0;fake;train
fake/28 #heel tab có màu không phải trắng đen.PNG;Giày Adidas Samba giả - hình 21;0;fake;test
fake/29 #chữ SAMBA phải được khắc nổi.PNG;Giày Adidas Samba giả - hình 22;0;fake;train
fake/3.PNG;Giày Adidas Samba giả - hình 23;0;fake;train
fake/30.PNG;Giày Adidas Samba giả - hình 24;0;fake;train
fake/31.PNG;Giày Adidas Samba giả - hình 25;0;fake;train
fake/32.PNG;Giày Adidas Samba giả - hình 26;0;fake;train
fake/33.PNG;Giày Adidas Samba giả - hình 27;0;fake;test
fake/34.PNG;Giày Adidas Samba giả - hình 28;0;fake;train
fake/35.PNG;Giày Adidas Samba giả - hình 29;0;fake;train
fake/36.PNG;Giày Adidas Samba giả - hình 30;0;fake;train
fake/37.PNG;Giày Adidas Samba giả - hình 31;0;fake;train
fake/38.PNG;Giày Adidas Samba giả - hình 32;0;fake;train
fake/39.PNG;Giày Adidas Samba giả - hình 33;0;fake;train
fake/4.PNG;Giày Adidas Samba giả - hình 34;0;fake;val
fake/40.PNG;Giày Adidas Samba giả - hình 35;0;fake;train
fake/41.PNG;Giày Adidas Samba giả - hình 36;0;fake;test
fake/42.PNG;Giày Adidas Samba giả - hình 37;0;fake;train
fake/43.PNG;Giày Adidas Samba giả - hình 38;0;fake;train
fake/44.PNG;Giày Adidas Samba giả - hình 39;0;fake;train
fake/45.PNG;Giày Adidas Samba giả - hình 40;0;fake;test
fake/46.PNG;Giày Adidas Samba giả - hình 41;0;fake;train
fake/5.PNG;Giày Adidas Samba giả - hình 42;0;fake;train
fake/6.PNG;Giày Adidas Samba giả - hình 43;0;fake;train
fake/7.PNG;Giày Adidas Samba giả - hình 44;0;fake;val
fake/8.PNG;Giày Adidas Samba giả - hình 45;0;fake;test
fake/9.PNG;Giày Adidas Samba giả - hình 46;0;fake;train
fake/First-copy-Adidas-Samba-shoes-10.webp;Giày Adidas Samba giả - hình 47;0;fake;test
fake/First-copy-Adidas-Samba-shoes-17.webp;Giày Adidas Samba giả - hình 48;0;fake;train
fake/First-copy-Adidas-Samba-shoes-21-scaled-1.webp;Giày Adidas Samba giả - hình 49;0;fake;train
fake/WhatsApp-Image-2024-03-12-at-2.43.16-PM-2.webp;Giày Adidas Samba giả - hình 50;0;fake;train
fake/WhatsApp-Image-2024-03-12-at-2.43.16-PM-3.webp;Giày Adidas Samba giả - hình 51;0;fake;train
fake/WhatsApp-Image-2024-03-12-at-2.43.16-PM.webp;Giày Adidas Samba giả - hình 52;0;fake;train
fake/fake10.jpg;Giày Adidas Samba giả - hình 53;0;fake;train
fake/fake100.jpg;Giày Adidas Samba giả - hình 54;0;fake;train
fake/fake101.jpg;Giày Adidas Samba giả - hình 55;0;fake;val
fake/fake102.jpg;Giày Adidas Samba giả - hình 56;0;fake;val
fake/fake103.jpg;Giày Adidas Samba giả - hình 57;0;fake;train
fake/fake104.jpg;Giày Adidas Samba giả - hình 58;0;fake;train
fake/fake105.jpg;Giày Adidas Samba giả - hình 59;0;fake;train
fake/fake106.jpg;Giày Adidas Samba giả - hình 60;0;fake;train
fake/fake107.jpg;Giày Adidas Samba giả - hình 61;0;fake;train
fake/fake108.jpg;Giày Adidas Samba giả - hình 62;0;fake;test
fake/fake109.jpg;Giày Adidas Samba giả - hình 63;0;fake;test
fake/fake11.jpg;Giày Adidas Samba giả - hình 64;0;fake;test
fake/fake110.jpg;Giày Adidas Samba giả - hình 65;0;fake;train
fake/fake111.jpg;Giày Adidas Samba giả - hình 66;0;fake;train
fake/fake112.jpg;Giày Adidas Samba giả - hình 67;0;fake;train
fake/fake113.jpg;Giày Adidas Samba giả - hình 68;0;fake;train
fake/fake114.jpg;Giày Adidas Samba giả - hình 69;0;fake;train
fake/fake115.jpg;Giày Adidas Samba giả - hình 70;0;fake;train
fake/fake116.jpg;Giày Adidas Samba giả - hình 71;0;fake;train
fake/fake117.jpg;Giày Adidas Samba giả - hình 72;0;fake;train
fake/fake118.jpg;Giày Adidas Samba giả - hình 73;0;fake;train
fake/fake119.jpg;Giày Adidas Samba giả - hình 74;0;fake;train
fake/fake12.jpg;Giày Adidas Samba giả - hình 75;0;fake;train
fake/fake120.jpg;Giày Adidas Samba giả - hình 76;0;fake;train
fake/fake121.jpg;Giày Adidas Samba giả - hình 77;0;fake;train
fake/fake122.jpg;Giày Adidas Samba giả - hình 78;0;fake;train
fake/fake123.jpg;Giày Adidas Samba giả - hình 79;0;fake;train
fake/fake124.jpg;Giày Adidas Samba giả - hình 80;0;fake;train
fake/fake125.jpg;Giày Adidas Samba giả - hình 81;0;fake;train
fake/fake126.jpg;Giày Adidas Samba giả - hình 82;0;fake;train
fake/fake127.jpg;Giày Adidas Samba giả - hình 83;0;fake;train
fake/fake128.jpg;Giày Adidas Samba giả - hình 84;0;fake;train
fake/fake129.jpg;Giày Adidas Samba giả - hình 85;0;fake;test
fake/fake13.jpg;Giày Adidas Samba giả - hình 86;0;fake;train
fake/fake130.jpg;Giày Adidas Samba giả - hình 87;0;fake;train
fake/fake131.jpg;Giày Adidas Samba giả - hình 88;0;fake;train
fake/fake132.jpg;Giày Adidas Samba giả - hình 89;0;fake;train
fake/fake133.jpg;Giày Adidas Samba giả - hình 90;0;fake;train
fake/fake134.jpg;Giày Adidas Samba giả - hình 91;0;fake;train
fake/fake135.jpg;Giày Adidas Samba giả - hình 92;0;fake;test
fake/fake136.jpg;Giày Adidas Samba giả - hình 93;0;fake;test
fake/fake137.jpg;Giày Adidas Samba giả - hình 94;0;fake;val
fake/fake138.jpg;Giày Adidas Samba giả - hình 95;0;fake;train
fake/fake139.jpg;Giày Adidas Samba giả - hình 96;0;fake;train
fake/fake14.jpg;Giày Adidas Samba giả - hình 97;0;fake;train
fake/fake140.jpg;Giày Adidas Samba giả - hình 98;0;fake;train
fake/fake141.jpg;Giày Adidas Samba giả - hình 99;0;fake;train
fake/fake142.jpg;Giày Adidas Samba giả - hình 100;0;fake;test
fake/fake143.jpg;Giày Adidas Samba giả - hình 101;0;fake;val
fake/fake144.jpg;Giày Adidas Samba giả - hình 102;0;fake;test
fake/fake145.jpg;Giày Adidas Samba giả - hình 103;0;fake;val
fake/fake147.jpeg;Giày Adidas Samba giả - hình 104;0;fake;train
fake/fake148.jpeg;Giày Adidas Samba giả - hình 105;0;fake;test
fake/fake149.jpeg;Giày Adidas Samba giả - hình 106;0;fake;train
fake/fake15.jpg;Giày Adidas Samba giả - hình 107;0;fake;train
fake/fake150.jpeg;Giày Adidas Samba giả - hình 108;0;fake;test
fake/fake151.jpeg;Giày Adidas Samba giả - hình 109;0;fake;val
fake/fake152.jpg;Giày Adidas Samba giả - hình 110;0;fake;train
fake/fake153.jpeg;Giày Adidas Samba giả - hình 111;0;fake;train
fake/fake154.jpeg;Giày Adidas Samba giả - hình 112;0;fake;test
fake/fake155.jpeg;Giày Adidas Samba giả - hình 113;0;fake;test
fake/fake156.jpeg;Giày Adidas Samba giả - hình 114;0;fake;train
fake/fake157.jpeg;Giày Adidas Samba giả - hình 115;0;fake;train
fake/fake158.jpeg;Giày Adidas Samba giả - hình 116;0;fake;train
fake/fake159.jpeg;Giày Adidas Samba giả - hình 117;0;fake;train
fake/fake16.jpg;Giày Adidas Samba giả - hình 118;0;fake;val
fake/fake160.jpeg;Giày Adidas Samba giả - hình 119;0;fake;train
fake/fake161.jpeg;Giày Adidas Samba giả - hình 120;0;fake;val
fake/fake162.jpeg;Giày Adidas Samba giả - hình 121;0;fake;train
fake/fake163.jpeg;Giày Adidas Samba giả - hình 122;0;fake;val
fake/fake164.jpeg;Giày Adidas Samba giả - hình 123;0;fake;val
fake/fake165.jpeg;Giày Adidas Samba giả - hình 124;0;fake;train
fake/fake166.jpg;Giày Adidas Samba giả - hình 125;0;fake;val
fake/fake167.jpeg;Giày Adidas Samba giả - hình 126;0;fake;val
fake/fake168.jpeg;Giày Adidas Samba giả - hình 127;0;fake;train
fake/fake169.jpeg;Giày Adidas Samba giả - hình 128;0;fake;train
fake/fake17.jpg;Giày Adidas Samba giả - hình 129;0;fake;val
fake/fake170.jpeg;Giày Adidas Samba giả - hình 130;0;fake;test
fake/fake171.jpeg;Giày Adidas Samba giả - hình 131;0;fake;val
fake/fake18.jpg;Giày Adidas Samba giả - hình 132;0;fake;train
fake/fake19.jpg;Giày Adidas Samba giả - hình 133;0;fake;train
fake/fake2.jpg;Giày Adidas Samba giả - hình 134;0;fake;train
fake/fake20.jpg;Giày Adidas Samba giả - hình 135;0;fake;train
fake/fake21.jpg;Giày Adidas Samba giả - hình 136;0;fake;test
fake/fake22.jpg;Giày Adidas Samba giả - hình 137;0;fake;train
fake/fake23.jpg;Giày Adidas Samba giả - hình 138;0;fake;train
fake/fake24.jpg;Giày Adidas Samba giả - hình 139;0;fake;val
fake/fake25.jpg;Giày Adidas Samba giả - hình 140;0;fake;val
fake/fake26.jpg;Giày Adidas Samba giả - hình 141;0;fake;test
fake/fake27.jpg;Giày Adidas Samba giả - hình 142;0;fake;val
fake/fake28.jpg;Giày Adidas Samba giả - hình 143;0;fake;val
fake/fake29.jpg;Giày Adidas Samba giả - hình 144;0;fake;train
fake/fake3.jpg;Giày Adidas Samba giả - hình 145;0;fake;val
fake/fake30.jpg;Giày Adidas Samba giả - hình 146;0;fake;train
fake/fake31.jpg;Giày Adidas Samba giả - hình 147;0;fake;train
fake/fake32.jpg;Giày Adidas Samba giả - hình 148;0;fake;val
fake/fake33.jpg;Giày Adidas Samba giả - hình 149;0;fake;train
fake/fake34.jpg;Giày Adidas Samba giả - hình 150;0;fake;train
fake/fake35.jpg;Giày Adidas Samba giả - hình 151;0;fake;train
fake/fake36.jpg;Giày Adidas Samba giả - hình 152;0;fake;train
fake/fake37.jpg;Giày Adidas Samba giả - hình 153;0;fake;test
fake/fake38.jpg;Giày Adidas Samba giả - hình 154;0;fake;train
fake/fake39.jpg;Giày Adidas Samba giả - hình 155;0;fake;train
fake/fake4.jpg;Giày Adidas Samba giả - hình 156;0;fake;train
fake/fake40.jpg;Giày Adidas Samba giả - hình 157;0;fake;val
fake/fake41.jpg;Giày Adidas Samba giả - hình 158;0;fake;train
fake/fake42.PNG;Giày Adidas Samba giả - hình 159;0;fake;train
fake/fake43.jpg;Giày Adidas Samba giả - hình 160;0;fake;train
fake/fake44.jpg;Giày Adidas Samba giả - hình 161;0;fake;train
fake/fake45.jpg;Giày Adidas Samba giả - hình 162;0;fake;test
fake/fake46.jpg;Giày Adidas Samba giả - hình 163;0;fake;train
fake/fake47.jpg;Giày Adidas Samba giả - hình 164;0;fake;train
fake/fake48.jpg;Giày Adidas Samba giả - hình 165;0;fake;train
fake/fake49.jpg;Giày Adidas Samba giả - hình 166;0;fake;train
fake/fake5.jpg;Giày Adidas Samba giả - hình 167;0;fake;test
fake/fake50.jpg;Giày Adidas Samba giả - hình 168;0;fake;train
fake/fake51.jpg;Giày Adidas Samba giả - hình 169;0;fake;train
fake/fake52.jpg;Giày Adidas Samba giả - hình 170;0;fake;train
fake/fake53.jpg;Giày Adidas Samba giả - hình 171;0;fake;val
fake/fake54.jpg;Giày Adidas Samba giả - hình 172;0;fake;val
fake/fake55.jpg;Giày Adidas Samba giả - hình 173;0;fake;test
fake/fake56.jpg;Giày Adidas Samba giả - hình 174;0;fake;train
fake/fake57.jpg;Giày Adidas Samba giả - hình 175;0;fake;train
fake/fake58.jpg;Giày Adidas Samba giả - hình 176;0;fake;test
fake/fake59.jpg;Giày Adidas Samba giả - hình 177;0;fake;val
fake/fake6.jpg;Giày Adidas Samba giả - hình 178;0;fake;train
fake/fake60.jpg;Giày Adidas Samba giả - hình 179;0;fake;test
fake/fake61.jpg;Giày Adidas Samba giả - hình 180;0;fake;train
fake/fake62.jpg;Giày Adidas Samba giả - hình 181;0;fake;train
fake/fake63.jpg;Giày Adidas Samba giả - hình 182;0;fake;train
fake/fake64.jpg;Giày Adidas Samba giả - hình 183;0;fake;test
fake/fake65.jpg;Giày Adidas Samba giả - hình 184;0;fake;train
fake/fake66.jpg;Giày Adidas Samba giả - hình 185;0;fake;train
fake/fake67.jpg;Giày Adidas Samba giả - hình 186;0;fake;train
fake/fake68.jpg;Giày Adidas Samba giả - hình 187;0;fake;train
fake/fake69.jpg;Giày Adidas Samba giả - hình 188;0;fake;train
fake/fake7.jpg;Giày Adidas Samba giả - hình 189;0;fake;train
fake/fake70.jpg;Giày Adidas Samba giả - hình 190;0;fake;train
fake/fake71.jpg;Giày Adidas Samba giả - hình 191;0;fake;train
fake/fake72.jpg;Giày Adidas Samba giả - hình 192;0;fake;train
fake/fake73.jpg;Giày Adidas Samba giả - hình 193;0;fake;train
fake/fake74.jpg;Giày Adidas Samba giả - hình 194;0;fake;train
fake/fake75.jpg;Giày Adidas Samba giả - hình 195;0;fake;train
fake/fake76.PNG;Giày Adidas Samba giả - hình 196;0;fake;train
fake/fake77.jpg;Giày Adidas Samba giả - hình 197;0;fake;val
fake/fake78.jpg;Giày Adidas Samba giả - hình 198;0;fake;train
fake/fake79.jpg;Giày Adidas Samba giả - hình 199;0;fake;train
fake/fake8.jpg;Giày Adidas Samba giả - hình 200;0;fake;train
fake/fake80.jpg;Giày Adidas Samba giả - hình 201;0;fake;train
fake/fake81.jpg;Giày Adidas Samba giả - hình 202;0;fake;test
fake/fake82.jpg;Giày Adidas Samba giả - hình 203;0;fake;train
fake/fake83.jpg;Giày Adidas Samba giả - hình 204;0;fake;train
fake/fake84.jpg;Giày Adidas Samba giả - hình 205;0;fake;val
fake/fake85.jpg;Giày Adidas Samba giả - hình 206;0;fake;train
fake/fake86.jpg;Giày Adidas Samba giả - hình 207;0;fake;train
fake/fake87.jpg;Giày Adidas Samba giả - hình 208;0;fake;test
fake/fake88.jpg;Giày Adidas Samba giả - hình 209;0;fake;test
fake/fake89.jpg;Giày Adidas Samba giả - hình 210;0;fake;train
fake/fake9.jpg;Giày Adidas Samba giả - hình 211;0;fake;train
fake/fake90.jpg;Giày Adidas Samba giả - hình 212;0;fake;train
fake/fake91.jpg;Giày Adidas Samba giả - hình 213;0;fake;test
fake/fake92.jpg;Giày Adidas Samba giả - hình 214;0;fake;train
fake/fake93.jpg;Giày Adidas Samba giả - hình 215;0;fake;val
fake/fake94.jpg;Giày Adidas Samba giả - hình 216;0;fake;train
fake/fake95.jpg;Giày Adidas Samba giả - hình 217;0;fake;train
fake/fake96.jpg;Giày Adidas Samba giả - hình 218;0;fake;train
fake/fake97.jpg;Giày Adidas Samba giả - hình 219;0;fake;val
fake/fake98.jpg;Giày Adidas Samba giả - hình 220;0;fake;train
fake/fake99.jpg;Giày Adidas Samba giả - hình 221;0;fake;train
real/00010.jpg;Giày Adidas Samba thật - hình 1;1;real;test
real/00011.jpg;Giày Adidas Samba thật - hình 2;1;real;test
real/00012.jpg;Giày Adidas Samba thật - hình 3;1;real;train
real/00013.jpg;Giày Adidas Samba thật - hình 4;1;real;train
real/00014.jpg;Giày Adidas Samba thật - hình 5;1;real;train
real/00015.jpg;Giày Adidas Samba thật - hình 6;1;real;train
real/00016.jpg;Giày Adidas Samba thật - hình 7;1;real;val
real/00017.jpg;Giày Adidas Samba thật - hình 8;1;real;test
real/00018.jpg;Giày Adidas Samba thật - hình 9;1;real;train
real/00020.jpg;Giày Adidas Samba thật - hình 10;1;real;train
real/00021.jpg;Giày Adidas Samba thật - hình 11;1;real;train
real/00022.jpg;Giày Adidas Samba thật - hình 12;1;real;test
real/00023.jpg;Giày Adidas Samba thật - hình 13;1;real;train
real/00024.jpg;Giày Adidas Samba thật - hình 14;1;real;train
real/00025.jpg;Giày Adidas Samba thật - hình 15;1;real;train
real/00026.jpg;Giày Adidas Samba thật - hình 16;1;real;train
real/00027.jpg;Giày Adidas Samba thật - hình 17;1;real;train
real/00028.jpg;Giày Adidas Samba thật - hình 18;1;real;train
real/00030.jpg;Giày Adidas Samba thật - hình 19;1;real;train
real/00031.jpg;Giày Adidas Samba thật - hình 20;1;real;train
real/00032.jpg;Giày Adidas Samba thật - hình 21;1;real;train
real/00033.jpg;Giày Adidas Samba thật - hình 22;1;real;train
real/00034.jpg;Giày Adidas Samba thật - hình 23;1;real;train
real/00035.jpg;Giày Adidas Samba thật - hình 24;1;real;test
real/00036.jpg;Giày Adidas Samba thật - hình 25;1;real;val
real/00037.jpg;Giày Adidas Samba thật - hình 26;1;real;val
real/00038.jpg;Giày Adidas Samba thật - hình 27;1;real;train
real/00039.jpg;Giày Adidas Samba thật - hình 28;1;real;train
real/00040.jpg;Giày Adidas Samba thật - hình 29;1;real;train
real/00041.jpg;Giày Adidas Samba thật - hình 30;1;real;train
real/00042.jpg;Giày Adidas Samba thật - hình 31;1;real;val
real/00043.jpg;Giày Adidas Samba thật - hình 32;1;real;train
real/00044.jpg;Giày Adidas Samba thật - hình 33;1;real;val
real/00045.jpg;Giày Adidas Samba thật - hình 34;1;real;train
real/00046.jpg;Giày Adidas Samba thật - hình 35;1;real;train
real/00047.jpg;Giày Adidas Samba thật - hình 36;1;real;train
real/00050.jpg;Giày Adidas Samba thật - hình 37;1;real;train
real/00051.jpg;Giày Adidas Samba thật - hình 38;1;real;train
real/00052.jpg;Giày Adidas Samba thật - hình 39;1;real;test
real/00053.jpg;Giày Adidas Samba thật - hình 40;1;real;train
real/00054.jpg;Giày Adidas Samba thật - hình 41;1;real;train
real/00055.jpg;Giày Adidas Samba thật - hình 42;1;real;train
real/00056.jpg;Giày Adidas Samba thật - hình 43;1;real;train
real/00057.jpg;Giày Adidas Samba thật - hình 44;1;real;train
real/00060.jpg;Giày Adidas Samba thật - hình 45;1;real;train
real/00061.jpg;Giày Adidas Samba thật - hình 46;1;real;train
real/00062.jpg;Giày Adidas Samba thật - hình 47;1;real;train
real/00063.jpg;Giày Adidas Samba thật - hình 48;1;real;train
real/00064.jpg;Giày Adidas Samba thật - hình 49;1;real;val
real/00065.jpg;Giày Adidas Samba thật - hình 50;1;real;val
real/00066.jpg;Giày Adidas Samba thật - hình 51;1;real;train
real/00067.jpg;Giày Adidas Samba thật - hình 52;1;real;train
real/00068.jpg;Giày Adidas Samba thật - hình 53;1;real;val
real/00069.jpg;Giày Adidas Samba thật - hình 54;1;real;train
real/00070.jpg;Giày Adidas Samba thật - hình 55;1;real;train
real/00071.jpg;Giày Adidas Samba thật - hình 56;1;real;val
real/00072.jpg;Giày Adidas Samba thật - hình 57;1;real;val
real/00073.jpg;Giày Adidas Samba thật - hình 58;1;real;test
real/00074.jpg;Giày Adidas Samba thật - hình 59;1;real;train
real/00075.jpg;Giày Adidas Samba thật - hình 60;1;real;train
real/00076.jpg;Giày Adidas Samba thật - hình 61;1;real;train
real/00077.jpg;Giày Adidas Samba thật - hình 62;1;real;train
real/00078.jpg;Giày Adidas Samba thật - hình 63;1;real;train
real/00079.jpg;Giày Adidas Samba thật - hình 64;1;real;train
real/00080.jpg;Giày Adidas Samba thật - hình 65;1;real;train
real/00081.jpg;Giày Adidas Samba thật - hình 66;1;real;train
real/00082.jpg;Giày Adidas Samba thật - hình 67;1;real;test
real/00083.jpg;Giày Adidas Samba thật - hình 68;1;real;val
real/00084.jpg;Giày Adidas Samba thật - hình 69;1;real;train
real/00085.jpg;Giày Adidas Samba thật - hình 70;1;real;train
real/00086.jpg;Giày Adidas Samba thật - hình 71;1;real;train
real/00087.jpg;Giày Adidas Samba thật - hình 72;1;real;val
real/00088.jpg;Giày Adidas Samba thật - hình 73;1;real;train
real/00089.jpg;Giày Adidas Samba thật - hình 74;1;real;train
real/00090.jpg;Giày Adidas Samba thật - hình 75;1;real;val
real/00091.jpg;Giày Adidas Samba thật - hình 76;1;real;test
real/00092.jpg;Giày Adidas Samba thật - hình 77;1;real;train
real/00093.jpg;Giày Adidas Samba thật - hình 78;1;real;train
real/00094.jpg;Giày Adidas Samba thật - hình 79;1;real;train
real/00095.jpg;Giày Adidas Samba thật - hình 80;1;real;test
real/00096.jpg;Giày Adidas Samba thật - hình 81;1;real;train
real/00097.jpg;Giày Adidas Samba thật - hình 82;1;real;train
real/00098.jpg;Giày Adidas Samba thật - hình 83;1;real;train
real/00100.jpg;Giày Adidas Samba thật - hình 84;1;real;train
real/00101.jpg;Giày Adidas Samba thật - hình 85;1;real;train
real/00102.jpg;Giày Adidas Samba thật - hình 86;1;real;val
real/00103.jpg;Giày Adidas Samba thật - hình 87;1;real;train
real/00104.jpg;Giày Adidas Samba thật - hình 88;1;real;train
real/00105.jpg;Giày Adidas Samba thật - hình 89;1;real;train
real/00106.jpg;Giày Adidas Samba thật - hình 90;1;real;train
real/00107.jpg;Giày Adidas Samba thật - hình 91;1;real;train
real/00108.jpg;Giày Adidas Samba thật - hình 92;1;real;test
real/00109.jpg;Giày Adidas Samba thật - hình 93;1;real;test
real/00110.jpg;Giày Adidas Samba thật - hình 94;1;real;train
real/00111.jpg;Giày Adidas Samba thật - hình 95;1;real;train
real/00112.jpg;Giày Adidas Samba thật - hình 96;1;real;train
real/00113.jpg;Giày Adidas Samba thật - hình 97;1;real;train
real/00114.jpg;Giày Adidas Samba thật - hình 98;1;real;train
real/00115.jpg;Giày Adidas Samba thật - hình 99;1;real;test
real/00116.jpg;Giày Adidas Samba thật - hình 100;1;real;train
real/00117.jpg;Giày Adidas Samba thật - hình 101;1;real;train
real/00118.jpg;Giày Adidas Samba thật - hình 102;1;real;val
real/00119.jpg;Giày Adidas Samba thật - hình 103;1;real;val
real/00120.jpg;Giày Adidas Samba thật - hình 104;1;real;train
real/00121.jpg;Giày Adidas Samba thật - hình 105;1;real;train
real/00122.jpg;Giày Adidas Samba thật - hình 106;1;real;train
real/00123.jpg;Giày Adidas Samba thật - hình 107;1;real;train
real/00124.jpg;Giày Adidas Samba thật - hình 108;1;real;train
real/00125.jpg;Giày Adidas Samba thật - hình 109;1;real;train
real/00126.jpg;Giày Adidas Samba thật - hình 110;1;real;train
real/00127.jpg;Giày Adidas Samba thật - hình 111;1;real;train
real/00129.jpg;Giày Adidas Samba thật - hình 112;1;real;val
real/00130.jpg;Giày Adidas Samba thật - hình 113;1;real;train
real/00131.jpg;Giày Adidas Samba thật - hình 114;1;real;train
real/00132.jpg;Giày Adidas Samba thật - hình 115;1;real;train
real/00133.jpg;Giày Adidas Samba thật - hình 116;1;real;train
real/00134.jpg;Giày Adidas Samba thật - hình 117;1;real;train
real/00135.jpg;Giày Adidas Samba thật - hình 118;1;real;train
real/00136.jpg;Giày Adidas Samba thật - hình 119;1;real;train
real/00137.jpg;Giày Adidas Samba thật - hình 120;1;real;train
real/00138.jpg;Giày Adidas Samba thật - hình 121;1;real;train
real/00140.jpg;Giày Adidas Samba thật - hình 122;1;real;test
real/00141.jpg;Giày Adidas Samba thật - hình 123;1;real;train
real/00142.jpg;Giày Adidas Samba thật - hình 124;1;real;train
real/00143.jpg;Giày Adidas Samba thật - hình 125;1;real;train
real/00144.jpg;Giày Adidas Samba thật - hình 126;1;real;train
real/00145.jpg;Giày Adidas Samba thật - hình 127;1;real;val
real/00146.jpg;Giày Adidas Samba thật - hình 128;1;real;train
real/00147.jpg;Giày Adidas Samba thật - hình 129;1;real;train
real/00148.jpg;Giày Adidas Samba thật - hình 130;1;real;train
real/00149.jpg;Giày Adidas Samba thật - hình 131;1;real;train
real/00150.jpg;Giày Adidas Samba thật - hình 132;1;real;test
real/00151.jpg;Giày Adidas Samba thật - hình 133;1;real;train
real/00152.jpg;Giày Adidas Samba thật - hình 134;1;real;val
real/00153.jpg;Giày Adidas Samba thật - hình 135;1;real;train
real/00154.jpg;Giày Adidas Samba thật - hình 136;1;real;train
real/00155.jpg;Giày Adidas Samba thật - hình 137;1;real;train
real/00156.jpg;Giày Adidas Samba thật - hình 138;1;real;train
real/00157.jpg;Giày Adidas Samba thật - hình 139;1;real;train
real/00158.jpg;Giày Adidas Samba thật - hình 140;1;real;test
real/00160.jpg;Giày Adidas Samba thật - hình 141;1;real;train
real/00161.jpg;Giày Adidas Samba thật - hình 142;1;real;test
real/00162.jpg;Giày Adidas Samba thật - hình 143;1;real;test
real/00163.jpg;Giày Adidas Samba thật - hình 144;1;real;test
real/00164.jpg;Giày Adidas Samba thật - hình 145;1;real;train
real/00165.jpg;Giày Adidas Samba thật - hình 146;1;real;test
real/00166.jpg;Giày Adidas Samba thật - hình 147;1;real;train
real/00167.jpg;Giày Adidas Samba thật - hình 148;1;real;train
real/00168.jpg;Giày Adidas Samba thật - hình 149;1;real;test
real/00170.jpg;Giày Adidas Samba thật - hình 150;1;real;train
real/00171.jpg;Giày Adidas Samba thật - hình 151;1;real;test
real/00172.jpg;Giày Adidas Samba thật - hình 152;1;real;train
real/00173.jpg;Giày Adidas Samba thật - hình 153;1;real;train
real/00174.jpg;Giày Adidas Samba thật - hình 154;1;real;train
real/00175.jpg;Giày Adidas Samba thật - hình 155;1;real;val
real/00176.jpg;Giày Adidas Samba thật - hình 156;1;real;test
real/00177.jpg;Giày Adidas Samba thật - hình 157;1;real;test
real/00180.jpg;Giày Adidas Samba thật - hình 158;1;real;train
real/00181.jpg;Giày Adidas Samba thật - hình 159;1;real;train
real/00182.jpg;Giày Adidas Samba thật - hình 160;1;real;train
real/00183.jpg;Giày Adidas Samba thật - hình 161;1;real;train
real/00184.jpg;Giày Adidas Samba thật - hình 162;1;real;train
real/00185.jpg;Giày Adidas Samba thật - hình 163;1;real;val
real/00186.jpg;Giày Adidas Samba thật - hình 164;1;real;train
real/00187.jpg;Giày Adidas Samba thật - hình 165;1;real;train
real/00188.jpg;Giày Adidas Samba thật - hình 166;1;real;train
real/00190.jpg;Giày Adidas Samba thật - hình 167;1;real;train
real/00191.jpg;Giày Adidas Samba thật - hình 168;1;real;train
real/00192.jpg;Giày Adidas Samba thật - hình 169;1;real;val
real/00193.jpg;Giày Adidas Samba thật - hình 170;1;real;train
real/00194.jpg;Giày Adidas Samba thật - hình 171;1;real;train
real/00195.jpg;Giày Adidas Samba thật - hình 172;1;real;train
real/00196.jpg;Giày Adidas Samba thật - hình 173;1;real;val
real/00197.jpg;Giày Adidas Samba thật - hình 174;1;real;train
real/00198.jpg;Giày Adidas Samba thật - hình 175;1;real;train
real/00200.jpg;Giày Adidas Samba thật - hình 176;1;real;train
real/00201.jpg;Giày Adidas Samba thật - hình 177;1;real;val
real/00202.jpg;Giày Adidas Samba thật - hình 178;1;real;train
real/00203.jpg;Giày Adidas Samba thật - hình 179;1;real;train
real/00204.jpg;Giày Adidas Samba thật - hình 180;1;real;train
real/00205.jpg;Giày Adidas Samba thật - hình 181;1;real;train
real/00206.jpg;Giày Adidas Samba thật - hình 182;1;real;val
real/00207.jpg;Giày Adidas Samba thật - hình 183;1;real;train
real/00208.jpg;Giày Adidas Samba thật - hình 184;1;real;train
real/00209.jpg;Giày Adidas Samba thật - hình 185;1;real;train
real/00210.jpg;Giày Adidas Samba thật - hình 186;1;real;train
real/00211.jpg;Giày Adidas Samba thật - hình 187;1;real;train
real/00212.jpg;Giày Adidas Samba thật - hình 188;1;real;train
real/00213.jpg;Giày Adidas Samba thật - hình 189;1;real;train
real/00214.jpg;Giày Adidas Samba thật - hình 190;1;real;train
real/00215.jpg;Giày Adidas Samba thật - hình 191;1;real;test
real/00216.jpg;Giày Adidas Samba thật - hình 192;1;real;val
real/00217.jpg;Giày Adidas Samba thật - hình 193;1;real;val
real/00218.jpg;Giày Adidas Samba thật - hình 194;1;real;train
real/00220.jpg;Giày Adidas Samba thật - hình 195;1;real;train
real/00221.jpg;Giày Adidas Samba thật - hình 196;1;real;train
real/00222.jpg;Giày Adidas Samba thật - hình 197;1;real;test
real/00223.jpg;Giày Adidas Samba thật - hình 198;1;real;train
real/00224.jpg;Giày Adidas Samba thật - hình 199;1;real;test
real/00225.jpg;Giày Adidas Samba thật - hình 200;1;real;train
real/00226.jpg;Giày Adidas Samba thật - hình 201;1;real;train
real/00227.jpg;Giày Adidas Samba thật - hình 202;1;real;train
real/00228.jpg;Giày Adidas Samba thật - hình 203;1;real;train
real/00230.jpg;Giày Adidas Samba thật - hình 204;1;real;val
real/00231.jpg;Giày Adidas Samba thật - hình 205;1;real;train
real/00232.jpg;Giày Adidas Samba thật - hình 206;1;real;train
real/00233.jpg;Giày Adidas Samba thật - hình 207;1;real;train
real/00234.jpg;Giày Adidas Samba thật - hình 208;1;real;test
real/00235.jpg;Giày Adidas Samba thật - hình 209;1;real;train
real/00236.jpg;Giày Adidas Samba thật - hình 210;1;real;val
real/00237.jpg;Giày Adidas Samba thật - hình 211;1;real;test
real/00238.jpg;Giày Adidas Samba thật - hình 212;1;real;val
real/00239.jpg;Giày Adidas Samba thật - hình 213;1;real;test
real/00240.jpg;Giày Adidas Samba thật - hình 214;1;real;train
real/00241.jpg;Giày Adidas Samba thật - hình 215;1;real;train
real/00242.jpg;Giày Adidas Samba thật - hình 216;1;real;test
real/00243.jpg;Giày Adidas Samba thật - hình 217;1;real;test
real/00244.jpg;Giày Adidas Samba thật - hình 218;1;real;train
real/00245.jpg;Giày Adidas Samba thật - hình 219;1;real;train
real/00246.jpg;Giày Adidas Samba thật - hình 220;1;real;train
real/00247.jpg;Giày Adidas Samba thật - hình 221;1;real;train
real/00248.jpg;Giày Adidas Samba thật - hình 222;1;real;test
real/00249.jpg;Giày Adidas Samba thật - hình 223;1;real;train
real/00250.jpg;Giày Adidas Samba thật - hình 224;1;real;test
real/00251.jpg;Giày Adidas Samba thật - hình 225;1;real;val
real/00252.jpg;Giày Adidas Samba thật - hình 226;1;real;train
real/00253.jpg;Giày Adidas Samba thật - hình 227;1;real;train
real/00254.jpg;Giày Adidas Samba thật - hình 228;1;real;train
real/00255.jpg;Giày Adidas Samba thật - hình 229;1;real;train
real/00256.jpg;Giày Adidas Samba thật - hình 230;1;real;test
real/00257.jpg;Giày Adidas Samba thật - hình 231;1;real;test
real/00258.jpg;Giày Adidas Samba thật - hình 232;1;real;train
real/00259.jpg;Giày Adidas Samba thật - hình 233;1;real;train
real/00260.jpg;Giày Adidas Samba thật - hình 234;1;real;val
real/00261.jpg;Giày Adidas Samba thật - hình 235;1;real;train
real/00262.jpg;Giày Adidas Samba thật - hình 236;1;real;train
real/00263.jpg;Giày Adidas Samba thật - hình 237;1;real;train
real/00264.jpg;Giày Adidas Samba thật - hình 238;1;real;train
real/00265.jpg;Giày Adidas Samba thật - hình 239;1;real;train
real/00266.jpg;Giày Adidas Samba thật - hình 240;1;real;train
real/00267.jpg;Giày Adidas Samba thật - hình 241;1;real;test
real/00270.jpg;Giày Adidas Samba thật - hình 242;1;real;val
real/00271.jpg;Giày Adidas Samba thật - hình 243;1;real;train
real/00272.jpg;Giày Adidas Samba thật - hình 244;1;real;train
real/00273.jpg;Giày Adidas Samba thật - hình 245;1;real;train
real/00274.jpg;Giày Adidas Samba thật - hình 246;1;real;train
real/00275.jpg;Giày Adidas Samba thật - hình 247;1;real;train
real/00276.jpg;Giày Adidas Samba thật - hình 248;1;real;train
real/00277.jpg;Giày Adidas Samba thật - hình 249;1;real;test
real/00280.jpg;Giày Adidas Samba thật - hình 250;1;real;train
real/00281.jpg;Giày Adidas Samba thật - hình 251;1;real;train
real/00282.jpg;Giày Adidas Samba thật - hình 252;1;real;val
real/00283.jpg;Giày Adidas Samba thật - hình 253;1;real;train
real/00284.jpg;Giày Adidas Samba thật - hình 254;1;real;train
real/00285.jpg;Giày Adidas Samba thật - hình 255;1;real;train
real/00286.jpg;Giày Adidas Samba thật - hình 256;1;real;train
real/00287.jpg;Giày Adidas Samba thật - hình 257;1;real;test
real/00288.jpg;Giày Adidas Samba thật - hình 258;1;real;train
real/00289.jpg;Giày Adidas Samba thật - hình 259;1;real;test
real/00290.jpg;Giày Adidas Samba thật - hình 260;1;real;train
real/00291.jpg;Giày Adidas Samba thật - hình 261;1;real;train
real/00292.jpg;Giày Adidas Samba thật - hình 262;1;real;train
real/00293.jpg;Giày Adidas Samba thật - hình 263;1;real;test
real/00294.jpg;Giày Adidas Samba thật - hình 264;1;real;train
real/00295.jpg;Giày Adidas Samba thật - hình 265;1;real;val
real/00296.jpg;Giày Adidas Samba thật - hình 266;1;real;train
real/00297.jpg;Giày Adidas Samba thật - hình 267;1;real;train
real/00298.jpg;Giày Adidas Samba thật - hình 268;1;real;train
real/00299.jpg;Giày Adidas Samba thật - hình 269;1;real;train
real/00300.jpg;Giày Adidas Samba thật - hình 270;1;real;train
real/00301.jpg;Giày Adidas Samba thật - hình 271;1;real;test
real/00302.jpg;Giày Adidas Samba thật - hình 272;1;real;test
real/00303.jpg;Giày Adidas Samba thật - hình 273;1;real;train
real/00304.jpg;Giày Adidas Samba thật - hình 274;1;real;val
real/00305.jpg;Giày Adidas Samba thật - hình 275;1;real;val
real/00306.jpg;Giày Adidas Samba thật - hình 276;1;real;val
real/00307.jpg;Giày Adidas Samba thật - hình 277;1;real;train
real/00308.jpg;Giày Adidas Samba thật - hình 278;1;real;val
real/00310.jpg;Giày Adidas Samba thật - hình 279;1;real;train
real/00311.jpg;Giày Adidas Samba thật - hình 280;1;real;train
real/00312.jpg;Giày Adidas Samba thật - hình 281;1;real;train
real/00313.jpg;Giày Adidas Samba thật - hình 282;1;real;train
real/00314.jpg;Giày Adidas Samba thật - hình 283;1;real;train
real/00315.jpg;Giày Adidas Samba thật - hình 284;1;real;val
real/00316.jpg;Giày Adidas Samba thật - hình 285;1;real;val
real/00317.jpg;Giày Adidas Samba thật - hình 286;1;real;train
real/00318.jpg;Giày Adidas Samba thật - hình 287;1;real;val
real/00320.jpg;Giày Adidas Samba thật - hình 288;1;real;train
real/00321.jpg;Giày Adidas Samba thật - hình 289;1;real;train
real/00322.jpg;Giày Adidas Samba thật - hình 290;1;real;test
real/00323.jpg;Giày Adidas Samba thật - hình 291;1;real;train
real/00324.jpg;Giày Adidas Samba thật - hình 292;1;real;val
real/00325.jpg;Giày Adidas Samba thật - hình 293;1;real;test
real/00326.jpg;Giày Adidas Samba thật - hình 294;1;real;val
real/00327.jpg;Giày Adidas Samba thật - hình 295;1;real;test
real/00328.jpg;Giày Adidas Samba thật - hình 296;1;real;train
real/00330.jpg;Giày Adidas Samba thật - hình 297;1;real;train
real/00331.jpg;Giày Adidas Samba thật - hình 298;1;real;train
real/00332.jpg;Giày Adidas Samba thật - hình 299;1;real;test
real/00333.jpg;Giày Adidas Samba thật - hình 300;1;real;train
real/00334.jpg;Giày Adidas Samba thật - hình 301;1;real;train
real/00335.jpg;Giày Adidas Samba thật - hình 302;1;real;train
real/00336.jpg;Giày Adidas Samba thật - hình 303;1;real;train
real/00337.jpg;Giày Adidas Samba thật - hình 304;1;real;test
real/00338.jpg;Giày Adidas Samba thật - hình 305;1;real;test
real/00339.jpg;Giày Adidas Samba thật - hình 306;1;real;train
real/real_103.jpg;Giày Adidas Samba thật - hình 307;1;real;val
real/real_112.jpg;Giày Adidas Samba thật - hình 308;1;real;val
real/real_13.PNG;Giày Adidas Samba thật - hình 309;1;real;train
real/real_14.PNG;Giày Adidas Samba thật - hình 310;1;real;train
real/real_146(1).jpg;Giày Adidas Samba thật - hình 311;1;real;train
real/real_146(2).jpg;Giày Adidas Samba thật - hình 312;1;real;train
real/real_146(3).jpg;Giày Adidas Samba thật - hình 313;1;real;val
real/real_146.jpg;Giày Adidas Samba thật - hình 314;1;real;train
real/real_15.PNG;Giày Adidas Samba thật - hình 315;1;real;train
real/real_153(1).jpg;Giày Adidas Samba thật - hình 316;1;real;train
real/real_153(2).jpg;Giày Adidas Samba thật - hình 317;1;real;train
real/real_153(3).jpg;Giày Adidas Samba thật - hình 318;1;real;val
real/real_153(4).jpg;Giày Adidas Samba thật - hình 319;1;real;val
real/real_153(5).jpg;Giày Adidas Samba thật - hình 320;1;real;train
real/real_153.jpg;Giày Adidas Samba thật - hình 321;1;real;train
real/real_16.PNG;Giày Adidas Samba thật - hình 322;1;real;train
real/real_17(1).PNG;Giày Adidas Samba thật - hình 323;1;real;train
real/real_18(1).PNG;Giày Adidas Samba thật - hình 324;1;real;train
real/real_19.PNG;Giày Adidas Samba thật - hình 325;1;real;train
real/real_20.PNG;Giày Adidas Samba thật - hình 326;1;real;train
real/real_21.PNG;Giày Adidas Samba thật - hình 327;1;real;train
real/real_22.PNG;Giày Adidas Samba thật - hình 328;1;real;train
real/real_23.PNG;Giày Adidas Samba thật - hình 329;1;real;train
real/real_24.PNG;Giày Adidas Samba thật - hình 330;1;real;test
real/real_25.PNG;Giày Adidas Samba thật - hình 331;1;real;train
real/real_26.PNG;Giày Adidas Samba thật - hình 332;1;real;val
real/real_27.PNG;Giày Adidas Samba thật - hình 333;1;real;train
real/real_28.PNG;Giày Adidas Samba thật - hình 334;1;real;train
real/real_29(1).PNG;Giày Adidas Samba thật - hình 335;1;real;test
real/real_30.PNG;Giày Adidas Samba thật - hình 336;1;real;train
real/real_31.PNG;Giày Adidas Samba thật - hình 337;1;real;train
real/real_32.PNG;Giày Adidas Samba thật - hình 338;1;real;test
real/real_33.PNG;Giày Adidas Samba thật - hình 339;1;real;train
real/real_34.PNG;Giày Adidas Samba thật - hình 340;1;real;train
real/real_35.PNG;Giày Adidas Samba thật - hình 341;1;real;train
real/real_36.PNG;Giày Adidas Samba thật - hình 342;1;real;train
real/real_37.PNG;Giày Adidas Samba thật - hình 343;1;real;train
real/real_38.PNG;Giày Adidas Samba thật - hình 344;1;real;test
real/real_39.PNG;Giày Adidas Samba thật - hình 345;1;real;val
real/real_4.PNG;Giày Adidas Samba thật - hình 346;1;real;train
real/real_41.PNG;Giày Adidas Samba thật - hình 347;1;real;train
real/real_43.PNG;Giày Adidas Samba thật - hình 348;1;real;train
real/real_46.PNG;Giày Adidas Samba thật - hình 349;1;real;val
real/real_7.PNG;Giày Adidas Samba thật - hình 350;1;real;train
real/real_9.PNG;Giày Adidas Samba thật - hình 351;1;real;val
real/real_98.png;Giày Adidas Samba thật - hình 352;1;real;train
